{"best": {"ENTS_F": 0.9033562475, "ENTS_P": 0.8964686998, "ENTS_R": 0.9103504482, "TOK2VEC_LOSS": 380.9187294846, "NER_LOSS": 1073.9995117188}, "all": {"E": [0.0, 0.0, 0.0, 0.0, 0.0, 0.0, 0.0, 0.0, 0.0, 0.0, 0.0, 1.0, 1.0, 1.0, 1.0, 2.0, 2.0, 2.0, 2.0, 3.0, 3.0, 3.0, 3.0, 4.0, 4.0, 4.0, 4.0, 5.0, 5.0, 5.0, 5.0, 6.0, 6.0, 6.0, 6.0, 7.0, 7.0, 7.0, 7.0, 8.0, 8.0, 8.0, 8.0, 9.0, 9.0, 9.0, 9.0, 10.0, 10.0, 10.0, 10.0, 11.0, 11.0, 11.0, 11.0, 12.0, 12.0, 12.0, 12.0, 13.0, 13.0, 13.0, 13.0], "#": [0.0, 200.0, 400.0, 600.0, 800.0, 1000.0, 1200.0, 1400.0, 1600.0, 1800.0, 2000.0, 2200.0, 2400.0, 2600.0, 2800.0, 3000.0, 3200.0, 3400.0, 3600.0, 3800.0, 4000.0, 4200.0, 4400.0, 4600.0, 4800.0, 5000.0, 5200.0, 5400.0, 5600.0, 5800.0, 6000.0, 6200.0, 6400.0, 6600.0, 6800.0, 7000.0, 7200.0, 7400.0, 7600.0, 7800.0, 8000.0, 8200.0, 8400.0, 8600.0, 8800.0, 9000.0, 9200.0, 9400.0, 9600.0, 9800.0, 10000.0, 10200.0, 10400.0, 10600.0, 10800.0, 11000.0, 11200.0, 11400.0, 11600.0, 11800.0, 12000.0, 12200.0, 12400.0], "TOK2VEC_LOSS": [0.0, 24.48, 37.91, 39.79, 43.82, 43.04, 57.18, 74.69, 67.41, 91.42, 104.18, 117.26, 151.66, 187.01, 166.73, 165.67, 179.62, 205.8, 163.0, 171.33, 191.41, 249.68, 191.1, 199.46, 202.5, 215.71, 195.67, 196.89, 220.66, 213.54, 240.67, 198.82, 382.8, 228.96, 227.22, 222.63, 253.13, 250.52, 272.31, 250.02, 285.25, 255.98, 316.11, 254.06, 334.51, 294.6, 260.39, 251.76, 337.44, 337.8, 272.46, 302.42, 366.23, 288.32, 380.92, 256.47, 341.57, 296.36, 290.78, 309.27, 364.82, 282.09, 309.68], "NER_LOSS": [35.67, 1785.72, 927.65, 1044.82, 1137.6, 1272.18, 1499.75, 1596.81, 1835.93, 2233.24, 2471.31, 2926.55, 2958.09, 3041.51, 2858.17, 2760.35, 2365.76, 2430.5, 2450.5, 2429.12, 2012.26, 2069.46, 2086.81, 2006.51, 1666.95, 1800.87, 1855.57, 1801.96, 1574.01, 1546.88, 1680.81, 1604.05, 1376.27, 1465.46, 1583.78, 1398.63, 1239.49, 1315.35, 1459.16, 1320.52, 1179.12, 1251.91, 1353.43, 1164.56, 1117.2, 1204.11, 1211.1, 1151.34, 1067.54, 1132.36, 1122.99, 1067.59, 979.26, 1068.73, 1074.0, 941.12, 992.59, 988.31, 1020.32, 919.5, 881.39, 948.42, 1030.21], "ENTS_F": [0.0, 59.77, 64.32, 67.08, 73.33, 77.17, 78.51, 79.22, 78.83, 81.72, 83.94, 84.76, 84.55, 85.59, 85.92, 86.53, 85.94, 86.17, 87.16, 87.67, 87.55, 87.25, 87.41, 88.45, 88.05, 88.23, 89.0, 88.78, 89.2, 88.14, 88.85, 88.79, 88.72, 89.43, 89.3, 89.06, 88.55, 88.91, 89.21, 89.7, 89.36, 88.65, 89.33, 89.48, 89.38, 89.49, 89.95, 89.81, 90.25, 89.64, 89.73, 89.99, 89.75, 90.21, 90.34, 89.78, 89.77, 89.45, 89.87, 90.22, 90.14, 89.89, 90.21], "ENTS_P": [0.0, 59.53, 76.98, 71.13, 72.05, 71.9, 74.95, 78.71, 84.87, 83.22, 82.98, 85.43, 85.9, 83.36, 85.3, 84.66, 88.6, 88.7, 87.3, 85.88, 87.6, 88.83, 89.04, 85.82, 88.22, 88.3, 88.0, 86.26, 88.23, 89.52, 89.72, 89.22, 91.71, 89.48, 89.87, 90.26, 91.22, 86.51, 90.29, 89.73, 89.49, 91.4, 90.77, 91.01, 88.45, 89.01, 90.51, 89.59, 89.09, 90.43, 90.0, 90.47, 91.31, 88.81, 89.65, 91.22, 90.76, 91.84, 88.98, 89.58, 89.65, 88.96, 90.69], "ENTS_R": [0.0, 60.01, 55.23, 63.46, 74.65, 83.27, 82.42, 79.73, 73.59, 80.28, 84.92, 84.11, 83.24, 87.94, 86.55, 88.48, 83.43, 83.78, 87.01, 89.54, 87.5, 85.74, 85.85, 91.25, 87.88, 88.16, 90.03, 91.44, 90.19, 86.8, 87.99, 88.37, 85.93, 89.38, 88.73, 87.88, 86.04, 91.44, 88.16, 89.68, 89.24, 86.06, 87.94, 87.99, 90.33, 89.98, 89.41, 90.03, 91.44, 88.86, 89.46, 89.51, 88.24, 91.66, 91.04, 88.37, 88.81, 87.18, 90.79, 90.87, 90.63, 90.84, 89.73], "SCORE": [0.0, 0.6, 0.64, 0.67, 0.73, 0.77, 0.79, 0.79, 0.79, 0.82, 0.84, 0.85, 0.85, 0.86, 0.86, 0.87, 0.86, 0.86, 0.87, 0.88, 0.88, 0.87, 0.87, 0.88, 0.88, 0.88, 0.89, 0.89, 0.89, 0.88, 0.89, 0.89, 0.89, 0.89, 0.89, 0.89, 0.89, 0.89, 0.89, 0.9, 0.89, 0.89, 0.89, 0.89, 0.89, 0.89, 0.9, 0.9, 0.9, 0.9, 0.9, 0.9, 0.9, 0.9, 0.9, 0.9, 0.9, 0.89, 0.9, 0.9, 0.9, 0.9, 0.9]}, "mean_epoch": {"E": [0, 1, 2, 3, 4, 5, 6, 7, 8, 9, 10, 11, 12], "#": [1000.0, 2500.0, 3300.0, 4100.0, 4900.0, 5700.0, 6500.0, 7300.0, 8100.0, 8900.0, 9700.0, 10500.0, 11300.0], "TOK2VEC_LOSS": [53.08, 155.66, 178.52, 200.88, 203.34, 217.94, 259.45, 249.65, 276.84, 285.89, 299.87, 334.47, 296.3], "NER_LOSS": [1440.06, 2946.08, 2501.78, 2149.41, 1832.47, 1650.91, 1507.39, 1353.16, 1276.24, 1174.24, 1118.56, 1047.39, 985.59], "ENTS_F": [67.63, 85.2, 86.45, 87.47, 88.43, 88.74, 89.06, 88.93, 89.26, 89.58, 89.86, 90.07, 89.72], "ENTS_P": [68.76, 85.0, 87.31, 87.84, 87.58, 88.43, 90.07, 89.57, 90.35, 89.75, 89.78, 90.06, 90.7], "ENTS_R": [67.05, 85.46, 85.68, 87.16, 89.33, 89.1, 88.1, 88.38, 88.23, 89.43, 89.95, 90.11, 88.79], "SCORE": [0.68, 0.85, 0.86, 0.88, 0.88, 0.89, 0.89, 0.89, 0.89, 0.89, 0.9, 0.9, 0.9]}, "last": {"ENTS_F": 0.9020893077, "ENTS_P": 0.9069192751, "ENTS_R": 0.8973105134, "TOK2VEC_LOSS": 309.6763230255, "NER_LOSS": 1030.2099609375}}