{"best": {"ENTS_F": 0.8240837696000001, "ENTS_P": 0.8480603448, "ENTS_R": 0.8014256619, "TOK2VEC_LOSS": 25.3646812863, "NER_LOSS": 1296.8704833984}, "all": {"E": [0.0, 0.0, 0.0, 0.0, 0.0, 1.0, 1.0, 2.0, 2.0, 3.0, 4.0, 5.0, 7.0, 8.0, 10.0, 12.0, 13.0, 15.0, 16.0, 18.0], "#": [0.0, 200.0, 400.0, 600.0, 800.0, 1000.0, 1200.0, 1400.0, 1600.0, 1800.0, 2000.0, 2200.0, 2400.0, 2600.0, 2800.0, 3000.0, 3200.0, 3400.0, 3600.0, 3800.0], "TOK2VEC_LOSS": [0.0, 54.1, 436.79, 177.48, 56.48, 63.15, 70.62, 99.58, 111.92, 163.96, 201.7, 252.6, 279.32, 332.99, 351.4, 376.22, 371.82, 319.01, 321.86, 312.22], "NER_LOSS": [36.67, 2004.46, 1196.63, 1157.73, 1285.98, 1307.49, 1347.8, 1493.16, 1619.87, 1425.1, 1488.63, 1451.14, 1135.58, 1063.87, 830.48, 760.23, 634.96, 601.23, 532.3, 551.93], "ENTS_F": [0.0, 67.05, 73.91, 79.41, 79.45, 81.52, 83.18, 82.47, 84.73, 84.74, 83.82, 85.81, 84.36, 84.95, 85.5, 85.53, 83.76, 83.72, 83.06, 84.05], "ENTS_P": [0.0, 69.16, 69.97, 76.39, 79.98, 78.2, 82.27, 81.85, 83.35, 84.95, 84.56, 84.5, 81.82, 84.56, 84.27, 83.03, 83.5, 81.89, 82.51, 84.93], "ENTS_R": [0.0, 65.07, 78.31, 82.69, 78.92, 85.13, 84.11, 83.1, 86.15, 84.52, 83.1, 87.17, 87.07, 85.34, 86.76, 88.19, 84.01, 85.64, 83.6, 83.2], "SCORE": [0.0, 0.67, 0.74, 0.79, 0.79, 0.82, 0.83, 0.82, 0.85, 0.85, 0.84, 0.86, 0.84, 0.85, 0.85, 0.86, 0.84, 0.84, 0.83, 0.84]}, "mean_epoch": {"E": [0, 1, 2, 3, 4, 5, 6, 7, 8, 9, 10, 11, 12], "#": [400.0, 1100.0, 1500.0, 1800.0, 2000.0, 2200.0, 2400.0, 2600.0, 2800.0, 3000.0, 3200.0, 3400.0, 3600.0], "TOK2VEC_LOSS": [144.97, 66.89, 105.75, 163.96, 201.7, 252.6, 279.32, 332.99, 351.4, 376.22, 371.82, 319.01, 321.86], "NER_LOSS": [1136.29, 1327.64, 1556.51, 1425.1, 1488.63, 1451.14, 1135.58, 1063.87, 830.48, 760.23, 634.96, 601.23, 532.3], "ENTS_F": [59.96, 82.35, 83.6, 84.74, 83.82, 85.81, 84.36, 84.95, 85.5, 85.53, 83.76, 83.72, 83.06], "ENTS_P": [59.1, 80.23, 82.6, 84.95, 84.56, 84.5, 81.82, 84.56, 84.27, 83.03, 83.5, 81.89, 82.51], "ENTS_R": [61.0, 84.62, 84.62, 84.52, 83.1, 87.17, 87.07, 85.34, 86.76, 88.19, 84.01, 85.64, 83.6], "SCORE": [0.6, 0.82, 0.83, 0.85, 0.84, 0.86, 0.84, 0.85, 0.85, 0.86, 0.84, 0.84, 0.83]}, "last": {"ENTS_F": 0.8240837696, "ENTS_P": 0.8480603448, "ENTS_R": 0.8014256619, "TOK2VEC_LOSS": 25.3646812863, "NER_LOSS": 1296.8704833984}}