{"best": {"ENTS_F": 0.9036867676, "ENTS_P": 0.8807799443000001, "ENTS_R": 0.9278169014000001, "TOK2VEC_LOSS": 166.8363670091, "NER_LOSS": 1457.2259521484}, "all": {"E": [0.0, 0.0, 0.0, 0.0, 0.0, 0.0, 0.0, 1.0, 1.0, 1.0, 2.0, 2.0, 3.0, 4.0, 4.0, 5.0, 6.0, 6.0, 7.0, 8.0], "#": [0.0, 200.0, 400.0, 600.0, 800.0, 1000.0, 1200.0, 1400.0, 1600.0, 1800.0, 2000.0, 2200.0, 2400.0, 2600.0, 2800.0, 3000.0, 3200.0, 3400.0, 3600.0, 3800.0], "TOK2VEC_LOSS": [0.0, 55.0, 50.78, 48.37, 64.74, 60.12, 87.63, 75.58, 82.03, 101.51, 103.85, 166.84, 163.16, 178.27, 215.96, 227.0, 175.27, 256.63, 187.92, 254.47], "NER_LOSS": [42.33, 2037.41, 860.2, 888.89, 913.05, 870.69, 964.6, 1078.44, 1146.89, 1307.28, 1434.38, 1457.23, 1537.29, 1352.47, 1027.98, 923.78, 851.23, 775.13, 702.12, 636.5], "ENTS_F": [0.11, 66.28, 78.62, 79.77, 82.44, 85.41, 86.54, 87.68, 88.76, 89.07, 88.48, 90.37, 89.6, 89.86, 90.19, 89.62, 90.24, 89.7, 89.7, 90.13], "ENTS_P": [0.68, 70.02, 81.23, 73.0, 86.27, 79.39, 85.04, 84.22, 84.01, 84.63, 88.87, 88.08, 87.74, 90.24, 88.17, 88.82, 88.58, 89.44, 87.72, 87.42], "ENTS_R": [0.06, 62.91, 76.17, 87.91, 78.93, 92.43, 88.09, 91.43, 94.07, 94.01, 88.09, 92.78, 91.55, 89.5, 92.31, 90.43, 91.96, 89.96, 91.78, 93.02], "SCORE": [0.0, 0.66, 0.79, 0.8, 0.82, 0.85, 0.87, 0.88, 0.89, 0.89, 0.88, 0.9, 0.9, 0.9, 0.9, 0.9, 0.9, 0.9, 0.9, 0.9]}, "mean_epoch": {"E": [0, 1, 2, 3, 4, 5, 6, 7], "#": [600.0, 1600.0, 2100.0, 2400.0, 2700.0, 3000.0, 3300.0, 3600.0], "TOK2VEC_LOSS": [52.38, 86.37, 135.34, 163.16, 197.12, 227.0, 215.95, 187.92], "NER_LOSS": [939.6, 1177.54, 1445.81, 1537.29, 1190.22, 923.78, 813.18, 702.12], "ENTS_F": [68.45, 88.5, 89.43, 89.6, 90.03, 89.62, 89.97, 89.7], "ENTS_P": [67.95, 84.29, 88.47, 87.74, 89.2, 88.82, 89.01, 87.72], "ENTS_R": [69.5, 93.17, 90.44, 91.55, 90.91, 90.43, 90.96, 91.78], "SCORE": [0.68, 0.89, 0.89, 0.9, 0.9, 0.9, 0.9, 0.9]}, "last": {"ENTS_F": 0.9013363662, "ENTS_P": 0.8742415885, "ENTS_R": 0.9301643192, "TOK2VEC_LOSS": 254.466322413, "NER_LOSS": 636.50390625}}