{"best": {"ENTS_F": 0.9033562475, "ENTS_P": 0.8964686998, "ENTS_R": 0.9103504482, "TOK2VEC_LOSS": 380.9187294846, "NER_LOSS": 1073.9995117188}, "all": {"E": ["0", "0", "0", "0", "0", "0", "0", "0", "0", "0", "0", "1", "1", "1", "1", "2", "2", "2", "2", "3", "3", "3", "3", "4", "4", "4", "4", "5", "5", "5", "5", "6", "6", "6", "6", "7", "7", "7", "7", "8", "8", "8", "8", "9", "9", "9", "9", "10", "10", "10", "10", "11", "11", "11", "11", "12", "12", "12", "12", "13", "13", "13", "13"], "#": ["0", "200", "400", "600", "800", "1000", "1200", "1400", "1600", "1800", "2000", "2200", "2400", "2600", "2800", "3000", "3200", "3400", "3600", "3800", "4000", "4200", "4400", "4600", "4800", "5000", "5200", "5400", "5600", "5800", "6000", "6200", "6400", "6600", "6800", "7000", "7200", "7400", "7600", "7800", "8000", "8200", "8400", "8600", "8800", "9000", "9200", "9400", "9600", "9800", "10000", "10200", "10400", "10600", "10800", "11000", "11200", "11400", "11600", "11800", "12000", "12200", "12400"], "TOK2VEC_LOSS": ["0.00", "24.48", "37.91", "39.79", "43.82", "43.04", "57.18", "74.69", "67.41", "91.42", "104.18", "117.26", "151.66", "187.01", "166.73", "165.67", "179.62", "205.80", "163.00", "171.33", "191.41", "249.68", "191.10", "199.46", "202.50", "215.71", "195.67", "196.89", "220.66", "213.54", "240.67", "198.82", "382.80", "228.96", "227.22", "222.63", "253.13", "250.52", "272.31", "250.02", "285.25", "255.98", "316.11", "254.06", "334.51", "294.60", "260.39", "251.76", "337.44", "337.80", "272.46", "302.42", "366.23", "288.32", "380.92", "256.47", "341.57", "296.36", "290.78", "309.27", "364.82", "282.09", "309.68"], "NER_LOSS": ["35.67", "1785.72", "927.65", "1044.82", "1137.60", "1272.18", "1499.75", "1596.81", "1835.93", "2233.24", "2471.31", "2926.55", "2958.09", "3041.51", "2858.17", "2760.35", "2365.76", "2430.50", "2450.50", "2429.12", "2012.26", "2069.46", "2086.81", "2006.51", "1666.95", "1800.87", "1855.57", "1801.96", "1574.01", "1546.88", "1680.81", "1604.05", "1376.27", "1465.46", "1583.78", "1398.63", "1239.49", "1315.35", "1459.16", "1320.52", "1179.12", "1251.91", "1353.43", "1164.56", "1117.20", "1204.11", "1211.10", "1151.34", "1067.54", "1132.36", "1122.99", "1067.59", "979.26", "1068.73", "1074.00", "941.12", "992.59", "988.31", "1020.32", "919.50", "881.39", "948.42", "1030.21"], "ENTS_F": ["0.00", "59.77", "64.32", "67.08", "73.33", "77.17", "78.51", "79.22", "78.83", "81.72", "83.94", "84.76", "84.55", "85.59", "85.92", "86.53", "85.94", "86.17", "87.16", "87.67", "87.55", "87.25", "87.41", "88.45", "88.05", "88.23", "89.00", "88.78", "89.20", "88.14", "88.85", "88.79", "88.72", "89.43", "89.30", "89.06", "88.55", "88.91", "89.21", "89.70", "89.36", "88.65", "89.33", "89.48", "89.38", "89.49", "89.95", "89.81", "90.25", "89.64", "89.73", "89.99", "89.75", "90.21", "90.34", "89.78", "89.77", "89.45", "89.87", "90.22", "90.14", "89.89", "90.21"], "ENTS_P": ["0.00", "59.53", "76.98", "71.13", "72.05", "71.90", "74.95", "78.71", "84.87", "83.22", "82.98", "85.43", "85.90", "83.36", "85.30", "84.66", "88.60", "88.70", "87.30", "85.88", "87.60", "88.83", "89.04", "85.82", "88.22", "88.30", "88.00", "86.26", "88.23", "89.52", "89.72", "89.22", "91.71", "89.48", "89.87", "90.26", "91.22", "86.51", "90.29", "89.73", "89.49", "91.40", "90.77", "91.01", "88.45", "89.01", "90.51", "89.59", "89.09", "90.43", "90.00", "90.47", "91.31", "88.81", "89.65", "91.22", "90.76", "91.84", "88.98", "89.58", "89.65", "88.96", "90.69"], "ENTS_R": ["0.00", "60.01", "55.23", "63.46", "74.65", "83.27", "82.42", "79.73", "73.59", "80.28", "84.92", "84.11", "83.24", "87.94", "86.55", "88.48", "83.43", "83.78", "87.01", "89.54", "87.50", "85.74", "85.85", "91.25", "87.88", "88.16", "90.03", "91.44", "90.19", "86.80", "87.99", "88.37", "85.93", "89.38", "88.73", "87.88", "86.04", "91.44", "88.16", "89.68", "89.24", "86.06", "87.94", "87.99", "90.33", "89.98", "89.41", "90.03", "91.44", "88.86", "89.46", "89.51", "88.24", "91.66", "91.04", "88.37", "88.81", "87.18", "90.79", "90.87", "90.63", "90.84", "89.73"], "SCORE": ["0.00", "0.60", "0.64", "0.67", "0.73", "0.77", "0.79", "0.79", "0.79", "0.82", "0.84", "0.85", "0.85", "0.86", "0.86", "0.87", "0.86", "0.86", "0.87", "0.88", "0.88", "0.87", "0.87", "0.88", "0.88", "0.88", "0.89", "0.89", "0.89", "0.88", "0.89", "0.89", "0.89", "0.89", "0.89", "0.89", "0.89", "0.89", "0.89", "0.90", "0.89", "0.89", "0.89", "0.89", "0.89", "0.89", "0.90", "0.90", "0.90", "0.90", "0.90", "0.90", "0.90", "0.90", "0.90", "0.90", "0.90", "0.89", "0.90", "0.90", "0.90", "0.90", "0.90"]}}