{"best": {"ENTS_F": 0.9033562475, "ENTS_P": 0.8964686998, "ENTS_R": 0.9103504482, "TOK2VEC_LOSS": 380.9187294846, "NER_LOSS": 1073.9995117188}, "all": {"E": [0, 1, 2, 3, 4, 5, 6, 7, 8, 9, 10, 11, 12], "#": [1000.0, 2500.0, 3300.0, 4100.0, 4900.0, 5700.0, 6500.0, 7300.0, 8100.0, 8900.0, 9700.0, 10500.0, 11300.0], "TOK2VEC_LOSS": [53.08, 155.66, 178.52, 200.88, 203.34, 217.94, 259.45, 249.65, 276.84, 285.89, 299.87, 334.47, 296.3], "NER_LOSS": [1440.06, 2946.08, 2501.78, 2149.41, 1832.47, 1650.91, 1507.39, 1353.16, 1276.24, 1174.24, 1118.56, 1047.39, 985.59], "ENTS_F": [67.63, 85.2, 86.45, 87.47, 88.43, 88.74, 89.06, 88.93, 89.26, 89.58, 89.86, 90.07, 89.72], "ENTS_P": [68.76, 85.0, 87.31, 87.84, 87.58, 88.43, 90.07, 89.57, 90.35, 89.75, 89.78, 90.06, 90.7], "ENTS_R": [67.05, 85.46, 85.68, 87.16, 89.33, 89.1, 88.1, 88.38, 88.23, 89.43, 89.95, 90.11, 88.79], "SCORE": [0.68, 0.85, 0.86, 0.88, 0.88, 0.89, 0.89, 0.89, 0.89, 0.89, 0.9, 0.9, 0.9]}, "last": {"ENTS_F": 0.9020893077, "ENTS_P": 0.9069192751, "ENTS_R": 0.8973105134, "TOK2VEC_LOSS": 309.6763230255, "NER_LOSS": 1030.2099609375}}